material,sigma,sigma [Si],sigma_atom_mean,sigma_mode
Si,1.599121924577e-01,1.599121924577e-01,1.599121924577e-01,1.575123435571e-01
